<?xml version="1.0" encoding="UTF-8"?>
<model package="ms2extend" baseClass="abstractObject" platform="mysql" defaultEngine="InnoDB" tablePrefix="ms2extend_" phpdoc-package="ms2extend" phpdoc-subpackage="" version="1.1">
    <object class="ms2extendProductTab" table="product_tabs" extends="ms2extendTab">
        <field key="name" dbtype="varchar" precision="255" phptype="string" null="true"/>
        <field key="description" dbtype="text" phptype="string" null="true"/>
        <field key="fields" dbtype="text" phptype="json" null="true"/>
        <field key="xtypes" dbtype="text" phptype="json" null="true"/>
        <field key="sort_order" dbtype="int" precision="10" attributes="unsigned" phptype="integer" default="0"/>
        <field key="is_active" dbtype="tinyint" precision="1" attributes="unsigned" phptype="boolean" null="false" default="0"/>
        <!--Indexes-->
        <index alias="sort_order" name="sort_order" primary="false" unique="false" type="BTREE">
            <column key="sort_order" length="" collation="A" null="false"/>
        </index>
        <index alias="is_active" name="is_active" primary="false" unique="false" type="BTREE">
            <column key="is_active" length="" collation="A" null="false"/>
        </index>
        <!--Validation-->
        <validation>
            <rule field="name" name="preventBlank" type="xPDOValidationRule" rule="xPDOMinLengthValidationRule" value="1" message="field_required"/>
        </validation>
    </object>

    <object class="ms2extendCategoryTab" table="category_tabs" extends="ms2extendTab">
        <field key="name" dbtype="varchar" precision="255" phptype="string" null="true"/>
        <field key="description" dbtype="text" phptype="string" null="true"/>
        <field key="xtypes" dbtype="text" phptype="json" null="true"/>
        <field key="sort_order" dbtype="int" precision="10" attributes="unsigned" phptype="integer" default="0"/>
        <field key="is_active" dbtype="tinyint" precision="1" attributes="unsigned" phptype="boolean" null="false" default="0"/>
        <!--Indexes-->
        <index alias="sort_order" name="sort_order" primary="false" unique="false" type="BTREE">
            <column key="sort_order" length="" collation="A" null="false"/>
        </index>
        <index alias="is_active" name="is_active" primary="false" unique="false" type="BTREE">
            <column key="is_active" length="" collation="A" null="false"/>
        </index>
        <!--Validation-->
        <validation>
            <rule field="name" name="preventBlank" type="xPDOValidationRule" rule="xPDOMinLengthValidationRule" value="1" message="field_required"/>
        </validation>
    </object>

    <object class="ms2extendSettingsTab" table="settings_tabs" extends="ms2extendTab">
        <field key="name" dbtype="varchar" precision="255" phptype="string" null="true"/>
        <field key="description" dbtype="text" phptype="string" null="true"/>
        <field key="xtypes" dbtype="text" phptype="json" null="true"/>
        <field key="sort_order" dbtype="int" precision="10" attributes="unsigned" phptype="integer" default="0"/>
        <field key="is_active" dbtype="tinyint" precision="1" attributes="unsigned" phptype="boolean" null="false" default="0"/>
        <!--Indexes-->
        <index alias="sort_order" name="sort_order" primary="false" unique="false" type="BTREE">
            <column key="sort_order" length="" collation="A" null="false"/>
        </index>
        <index alias="is_active" name="is_active" primary="false" unique="false" type="BTREE">
            <column key="is_active" length="" collation="A" null="false"/>
        </index>
        <!--Validation-->
        <validation>
            <rule field="name" name="preventBlank" type="xPDOValidationRule" rule="xPDOMinLengthValidationRule" value="1" message="field_required"/>
        </validation>
    </object>
</model>
