<?xml version="1.0" encoding="UTF-8"?>
<model package="ms2extend" baseClass="xPDOObject" platform="mysql" defaultEngine="MyISAM" tablePrefix="ms2extend_" version="1.1">
    <object class="ms2extendProductTab" table="product_tabs" extends="AbstractSimpleObject">
        <field key="name" dbtype="varchar" precision="255" phptype="string" null="true"/>
        <field key="description" dbtype="text" phptype="string" null="true"/>
        <field key="fields" dbtype="text" phptype="json" null="true"/>
        <field key="xtypes" dbtype="text" phptype="json" null="true"/>
        <field key="menuindex" dbtype="int" precision="10" attributes="unsigned" phptype="integer" default="0"/>
        <field key="is_active" dbtype="tinyint" precision="1" attributes="unsigned" phptype="boolean" null="false" default="0"/>
        <!--Indexes-->
        <index alias="menuindex" name="menuindex" primary="false" unique="false" type="BTREE">
            <column key="menuindex" length="" collation="A" null="false"/>
        </index>
        <index alias="is_active" name="is_active" primary="false" unique="false" type="BTREE">
            <column key="is_active" length="" collation="A" null="false"/>
        </index>
        <!--Validation-->
        <validation>
            <rule field="name" name="preventBlank" type="xPDOValidationRule" rule="xPDOMinLengthValidationRule" value="1" message="field_required"/>
            <rule field="name" name="unique" type="xPDOValidationRule" rule="validation.ms2ExtendValidatorUnique" excludeFields="" message="ms2extend.err_ae"/>
        </validation>
    </object>

    <object class="ms2extendCategoryTab" table="category_tabs" extends="AbstractSimpleObject">
        <field key="name" dbtype="varchar" precision="255" phptype="string" null="true"/>
        <field key="description" dbtype="text" phptype="string" null="true"/>
        <field key="xtypes" dbtype="text" phptype="json" null="true"/>
        <field key="menuindex" dbtype="int" precision="10" attributes="unsigned" phptype="integer" default="0"/>
        <field key="is_active" dbtype="tinyint" precision="1" attributes="unsigned" phptype="boolean" null="false" default="0"/>
        <!--Indexes-->
        <index alias="menuindex" name="menuindex" primary="false" unique="false" type="BTREE">
            <column key="menuindex" length="" collation="A" null="false"/>
        </index>
        <index alias="is_active" name="is_active" primary="false" unique="false" type="BTREE">
            <column key="is_active" length="" collation="A" null="false"/>
        </index>
        <!--Validation-->
        <validation>
            <rule field="name" name="preventBlank" type="xPDOValidationRule" rule="xPDOMinLengthValidationRule" value="1" message="field_required"/>
            <rule field="name" name="unique" type="xPDOValidationRule" rule="validation.ms2ExtendValidatorUnique" excludeFields="" message="ms2extend.err_ae"/>
        </validation>
    </object>

    <object class="ms2extendSettingsTab" table="settings_tabs" extends="AbstractSimpleObject">
        <field key="name" dbtype="varchar" precision="255" phptype="string" null="true"/>
        <field key="description" dbtype="text" phptype="string" null="true"/>
        <field key="xtypes" dbtype="text" phptype="json" null="true"/>
        <field key="menuindex" dbtype="int" precision="10" attributes="unsigned" phptype="integer" default="0"/>
        <field key="is_active" dbtype="tinyint" precision="1" attributes="unsigned" phptype="boolean" null="false" default="0"/>
        <!--Indexes-->
        <index alias="menuindex" name="menuindex" primary="false" unique="false" type="BTREE">
            <column key="menuindex" length="" collation="A" null="false"/>
        </index>
        <index alias="is_active" name="is_active" primary="false" unique="false" type="BTREE">
            <column key="is_active" length="" collation="A" null="false"/>
        </index>
        <!--Validation-->
        <validation>
            <rule field="name" name="preventBlank" type="xPDOValidationRule" rule="xPDOMinLengthValidationRule" value="1" message="field_required"/>
            <rule field="name" name="unique" type="xPDOValidationRule" rule="validation.ms2ExtendValidatorUnique" excludeFields="" message="ms2extend.err_ae"/>
        </validation>
    </object>
</model>
